{
  "id" : "AZViewer",
  "title" : "AZViewer",
  "description" : "A widget to display documents (Case documents or work item documents)",
  "category" : "AZCaseWidgets",
  "definition": "AZViewer.json",
  "preview" : "images/viewer_preview.gif",
  "icon" : "images/viewer_icon.png",
  "runtimeClassName" : "icm.custom.pgwidget.viewer.AZViewer",
  "previewThumbnail" : "images/viewer_thumb.gif",
  "properties" : [
    {
      "propertyType" : "property",
      "type" : "string",
      "id" : "PreferredHeight",
      "required" : false,
      "disabled" : false,
      "defaultValue" : "500px",
      "visibility" : false,
      "title" : "Widget Height"
    }
  ],
  "events":[
    {
      "id":"icm.OpenDocument",
      "title":"Open document",
      "functionName":"handleICM_OpenDocumentEvent",
      "direction":"subscribed",
      "description":"Open the document that is contained in the event payload in the Viewer widget."
    },
    {
      "id":"icm.SendCaseInfo",
      "title":"Send case information",
      "functionName":"handleICM_SendCaseInfoEvent",
      "direction":"subscribed",
      "description":"Save the case ID in the cache and close currently viewed documents to prepare for opening documents from another case."
    },
    {
      "id":"icm.SelectCase",
      "title":"Select case",
      "functionName":"handleICM_SelectCaseEvent",
      "direction":"subscribed",
      "description":"Display the case information for the case that is contained in the event payload."
    },
    {
      "id":"icm.SendWorkItem",
      "title":"Receive work item",
      "functionName":"handleICM_SendWorkItemEvent",
      "direction":"subscribed",
      "description":"Display the work item that is contained in the event payload."
    },
    {
      "id":"icm.ClearContent",
      "title":"Clear content",
      "functionName":"handleICM_ClearContentEvent",
      "direction":"subscribed",
      "description":"Clear the content of Viewer widget and the cached identifiers, and then close all tabs."
    }
  ]

}
